{
  "model_name": "bert-base-uncased",
  "metadata": {
    "seed": 0,
    "clip_top_k": 1,
    "clip_source": "argmin",
    "include_special_tokens": false
  },
  "outputs": {
    "dominant_argmin_dimension_per_layer": [
      308,
      308,
      308,
      308,
      308,
      308,
      308,
      308,
      308,
      308,
      308,
      308,
      308
    ],
    "dominant_argmax_dimension_per_layer": [
      708,
      341,
      341,
      341,
      341,
      341,
      341,
      341,
      341,
      341,
      341,
      341,
      352
    ],
    "anisotropy_before_per_layer": [
      0.07945220172405243,
      0.1255069226026535,
      0.17919740080833435,
      0.1867021918296814,
      0.21438060700893402,
      0.25233954191207886,
      0.2501906156539917,
      0.24756614863872528,
      0.26247119903564453,
      0.25920504331588745,
      0.2956920862197876,
      0.3657952845096588,
      0.2699281573295593
    ],
    "anisotropy_after_per_layer": [
      0.07149987667798996,
      0.07274273782968521,
      0.07371603697538376,
      0.08582962304353714,
      0.0939720943570137,
      0.1041424572467804,
      0.11192570626735687,
      0.14188681542873383,
      0.17162756621837616,
      0.1744026094675064,
      0.18319284915924072,
      0.16577425599098206,
      0.20052841305732727
    ],
    "adjusted_self_similarity_before_per_layer": [
      0.8139993995428085,
      0.6949363499879837,
      0.5930937230587006,
      0.569626659154892,
      0.5125253647565842,
      0.46327993273735046,
      0.43279774487018585,
      0.40230704843997955,
      0.37531833350658417,
      0.3683605492115021,
      0.35214224457740784,
      0.31866148114204407,
      0.3491128832101822
    ],
    "adjusted_self_similarity_after_per_layer": [
      0.8561522141098976,
      0.7974541932344437,
      0.7511935010552406,
      0.6736549586057663,
      0.6085136085748672,
      0.5586470142006874,
      0.5036012679338455,
      0.4405614882707596,
      0.38698291778564453,
      0.3655111491680145,
      0.36068643629550934,
      0.3724338263273239,
      0.34941819310188293
    ]
  }
}