{
  "model_name": "bert-base-uncased",
  "metadata": {
    "seed": 0,
    "clip_top_k": 1,
    "clip_source": "argmin",
    "include_special_tokens": true
  },
  "outputs": {
    "dominant_argmin_dimension_per_layer": [
      308,
      308,
      308,
      308,
      308,
      308,
      308,
      308,
      308,
      308,
      308,
      308,
      308
    ],
    "dominant_argmax_dimension_per_layer": [
      708,
      341,
      341,
      341,
      341,
      341,
      341,
      341,
      341,
      341,
      341,
      341,
      352
    ],
    "anisotropy_before_per_layer": [
      0.11434860527515411,
      0.1765873283147812,
      0.24260929226875305,
      0.2046433985233307,
      0.21570493280887604,
      0.2404032051563263,
      0.23921893537044525,
      0.24276100099086761,
      0.2456972748041153,
      0.22623488306999207,
      0.2428167760372162,
      0.3094462454319,
      0.21189765632152557
    ],
    "anisotropy_after_per_layer": [
      0.07177265733480453,
      0.07039366662502289,
      0.07320108264684677,
      0.08437664806842804,
      0.0921115130186081,
      0.10229750722646713,
      0.12085811793804169,
      0.16251163184642792,
      0.19134539365768433,
      0.18438568711280823,
      0.16953806579113007,
      0.13753367960453033,
      0.16637250781059265
    ],
    "adjusted_self_similarity_before_per_layer": [
      0.8488494902849197,
      0.7460972219705582,
      0.656281977891922,
      0.5880006551742554,
      0.5146631151437759,
      0.4522303342819214,
      0.4229651093482971,
      0.3981352001428604,
      0.35915911197662354,
      0.33634281158447266,
      0.30021655559539795,
      0.2632347643375397,
      0.2897692918777466
    ],
    "adjusted_self_similarity_after_per_layer": [
      0.8563962057232857,
      0.7952425107359886,
      0.7504703477025032,
      0.6725962683558464,
      0.6073838397860527,
      0.5574177205562592,
      0.5134328752756119,
      0.4616273194551468,
      0.4070243388414383,
      0.3763533681631088,
      0.34784847497940063,
      0.34501609206199646,
      0.3138129413127899
    ]
  }
}